,external_urls,followers,genres,href,id,images,name,popularity,type,uri
0,{'spotify': 'https://open.spotify.com/artist/0GOx72r5AAEKRGQFn3xqXK'},"{'href': None, 'total': 2649998}","['francoton', 'french hip hop', 'rap conscient']",https://api.spotify.com/v1/artists/0GOx72r5AAEKRGQFn3xqXK,0GOx72r5AAEKRGQFn3xqXK,"[{'height': 640, 'url': 'https://i.scdn.co/image/b4be3d6c031ac605fbec7a36d754efcd060c6889', 'width': 640}, {'height': 320, 'url': 'https://i.scdn.co/image/ae12fc3a0b4f0d2e02b71f1f6335b65eb7aae0d6', 'width': 320}, {'height': 160, 'url': 'https://i.scdn.co/image/c75abdbfaf5981ee1728f38db6430ba945aa8790', 'width': 160}]",GIMS,76,artist,spotify:artist:0GOx72r5AAEKRGQFn3xqXK
1,{'spotify': 'https://open.spotify.com/artist/7n2wHs1TKAczGzO7Dd2rGr'},"{'href': None, 'total': 30293876}","['canadian pop', 'dance pop', 'pop', 'post-teen pop', 'viral pop']",https://api.spotify.com/v1/artists/7n2wHs1TKAczGzO7Dd2rGr,7n2wHs1TKAczGzO7Dd2rGr,"[{'height': 640, 'url': 'https://i.scdn.co/image/809b93c47fca237138e53968d86682f09d0f45a2', 'width': 640}, {'height': 320, 'url': 'https://i.scdn.co/image/8f7114cb0c7bc5e3f311bccf940bb48d8a6dcb37', 'width': 320}, {'height': 160, 'url': 'https://i.scdn.co/image/1fa2f885381dcbc22d5d1a66bbbe0aec81010152', 'width': 160}]",Shawn Mendes,91,artist,spotify:artist:7n2wHs1TKAczGzO7Dd2rGr
2,{'spotify': 'https://open.spotify.com/artist/5Nq9MbzweBc5oL4WzsECx4'},"{'href': None, 'total': 455553}","['chanson', 'francoton', 'french pop', 'french rock']",https://api.spotify.com/v1/artists/5Nq9MbzweBc5oL4WzsECx4,5Nq9MbzweBc5oL4WzsECx4,"[{'height': 640, 'url': 'https://i.scdn.co/image/c08bc9c651323e3202c51e25e0d886860b9c32d1', 'width': 640}, {'height': 320, 'url': 'https://i.scdn.co/image/f91420fa70bd03844129e5431a81cb819291f7dd', 'width': 320}, {'height': 160, 'url': 'https://i.scdn.co/image/f67d263d1e86856ac03eda6e234f1e40593b36a3', 'width': 160}]",Calogero,61,artist,spotify:artist:5Nq9MbzweBc5oL4WzsECx4
3,{'spotify': 'https://open.spotify.com/artist/7gU9VyFRN3JWPJ5oHOil60'},"{'href': None, 'total': 219273}","['francoton', 'pop urbaine']",https://api.spotify.com/v1/artists/7gU9VyFRN3JWPJ5oHOil60,7gU9VyFRN3JWPJ5oHOil60,"[{'height': 640, 'url': 'https://i.scdn.co/image/5fff6d1b5aa50633dd915d4c75d1409a24b45de5', 'width': 640}, {'height': 320, 'url': 'https://i.scdn.co/image/3601862e2a59320bad08dd00b5f32e0b05c79475', 'width': 320}, {'height': 160, 'url': 'https://i.scdn.co/image/c96ec217c8a38ecc9e0e23e58f85bff638b36728', 'width': 160}]",Tayc,71,artist,spotify:artist:7gU9VyFRN3JWPJ5oHOil60
4,{'spotify': 'https://open.spotify.com/artist/6Ad91Jof8Niiw0lGLLi3NW'},"{'href': None, 'total': 1274810}","['british indie rock', 'modern rock', 'rock']",https://api.spotify.com/v1/artists/6Ad91Jof8Niiw0lGLLi3NW,6Ad91Jof8Niiw0lGLLi3NW,"[{'height': 640, 'url': 'https://i.scdn.co/image/f7947d693f495dc2e5c66b837da4295306fc174f', 'width': 640}, {'height': 320, 'url': 'https://i.scdn.co/image/6ba1ebef90444ccd7e35ac7e2bca999d8c34b328', 'width': 320}, {'height': 160, 'url': 'https://i.scdn.co/image/104756a59776a0f97570f5530603dc13a4840d5b', 'width': 160}]",YUNGBLUD,80,artist,spotify:artist:6Ad91Jof8Niiw0lGLLi3NW
5,{'spotify': 'https://open.spotify.com/artist/5KBbs98MK59UNMF1VTwMmz'},"{'href': None, 'total': 413579}","['francoton', 'french pop', 'variete francaise']",https://api.spotify.com/v1/artists/5KBbs98MK59UNMF1VTwMmz,5KBbs98MK59UNMF1VTwMmz,"[{'height': 640, 'url': 'https://i.scdn.co/image/7f226051eac64fc5646a2df783f25845d35b8162', 'width': 640}, {'height': 320, 'url': 'https://i.scdn.co/image/34a61f7780f9394f9b07b6e192c53d4a49d5b14d', 'width': 320}, {'height': 160, 'url': 'https://i.scdn.co/image/2fb0f8baebeebb772d996f72194eccb08c2f8d86', 'width': 160}]",Claudio Capéo,58,artist,spotify:artist:5KBbs98MK59UNMF1VTwMmz
6,{'spotify': 'https://open.spotify.com/artist/3Gm5F95VdRxW3mqCn8RPBJ'},"{'href': None, 'total': 1463689}","['hip hop', 'pop rap', 'portland hip hop', 'rap', 'underground hip hop']",https://api.spotify.com/v1/artists/3Gm5F95VdRxW3mqCn8RPBJ,3Gm5F95VdRxW3mqCn8RPBJ,"[{'height': 640, 'url': 'https://i.scdn.co/image/ed0bd1c3180f3cdd762342555a68a7df71d9c393', 'width': 640}, {'height': 320, 'url': 'https://i.scdn.co/image/67a9586eb19d5c935c5c49634f72fae8e334c099', 'width': 320}, {'height': 160, 'url': 'https://i.scdn.co/image/6436635382e4fc9037ec0d9fedf134f7d82265f1', 'width': 160}]",Aminé,77,artist,spotify:artist:3Gm5F95VdRxW3mqCn8RPBJ
7,{'spotify': 'https://open.spotify.com/artist/7EQ0qTo7fWT7DPxmxtSYEc'},"{'href': None, 'total': 4564977}","['metropopolis', 'modern rock', 'pop', 'pop rock', 'rock', 'tropical house']",https://api.spotify.com/v1/artists/7EQ0qTo7fWT7DPxmxtSYEc,7EQ0qTo7fWT7DPxmxtSYEc,"[{'height': 640, 'url': 'https://i.scdn.co/image/db20198e68faf1700fff4e185a0ec3f774e5b1fc', 'width': 640}, {'height': 320, 'url': 'https://i.scdn.co/image/cd823c98482bdfafe90b8c67a94a3758bd4854ce', 'width': 320}, {'height': 160, 'url': 'https://i.scdn.co/image/c7071944a0da66d57e3efd3ac87328c38b74af66', 'width': 160}]",Bastille,79,artist,spotify:artist:7EQ0qTo7fWT7DPxmxtSYEc
8,{'spotify': 'https://open.spotify.com/artist/6ADpAfFsO5dJadJoBKv3nz'},"{'href': None, 'total': 54388}","['chanson', 'french pop', 'french rock']",https://api.spotify.com/v1/artists/6ADpAfFsO5dJadJoBKv3nz,6ADpAfFsO5dJadJoBKv3nz,"[{'height': 640, 'url': 'https://i.scdn.co/image/e302790dc36d266b7e01f586e0874354d91c798a', 'width': 640}, {'height': 320, 'url': 'https://i.scdn.co/image/520d312ffcc28dc71624722ceef128f007e87965', 'width': 320}, {'height': 160, 'url': 'https://i.scdn.co/image/0f5ad18f73fb4422b406dbf317fcb7a96b1f1dbb', 'width': 160}]",Thomas Dutronc,49,artist,spotify:artist:6ADpAfFsO5dJadJoBKv3nz
9,{'spotify': 'https://open.spotify.com/artist/6euPnGzBlDysAC5ecVguNZ'},"{'href': None, 'total': 445235}","['francoton', 'french pop', 'variete francaise']",https://api.spotify.com/v1/artists/6euPnGzBlDysAC5ecVguNZ,6euPnGzBlDysAC5ecVguNZ,"[{'height': 640, 'url': 'https://i.scdn.co/image/8f57bbf86725b1540be4dc354e82f1f57e55e0d8', 'width': 640}, {'height': 320, 'url': 'https://i.scdn.co/image/186b96c2b41458c06fbb3f161947e1b1550bc7e7', 'width': 320}, {'height': 160, 'url': 'https://i.scdn.co/image/e16156c88bbfd5c1e342d44685fa73c61b1add1f', 'width': 160}]",M. Pokora,61,artist,spotify:artist:6euPnGzBlDysAC5ecVguNZ
10,{'spotify': 'https://open.spotify.com/artist/2sYOUJa6fNc4ke4Zo6EkZ4'},"{'href': None, 'total': 78943}","['chanson', 'francoton', 'french pop', 'variete francaise']",https://api.spotify.com/v1/artists/2sYOUJa6fNc4ke4Zo6EkZ4,2sYOUJa6fNc4ke4Zo6EkZ4,"[{'height': 640, 'url': 'https://i.scdn.co/image/9e6ba99940079176a2d6376b7356663107e849fe', 'width': 640}, {'height': 320, 'url': 'https://i.scdn.co/image/d683c63d8a2b22ef51e554c99f6d6bf2b818ae77', 'width': 320}, {'height': 160, 'url': 'https://i.scdn.co/image/8ebded82c7b87794a2d9e58475c0a77f96bb5ec5', 'width': 160}]",Les Frangines,53,artist,spotify:artist:2sYOUJa6fNc4ke4Zo6EkZ4
11,{'spotify': 'https://open.spotify.com/artist/0vmrFTWCwK3gFGDzeUzeMg'},"{'href': None, 'total': 342805}","['chanson', 'francoton', 'french pop', 'variete francaise']",https://api.spotify.com/v1/artists/0vmrFTWCwK3gFGDzeUzeMg,0vmrFTWCwK3gFGDzeUzeMg,"[{'height': 640, 'url': 'https://i.scdn.co/image/57730070a0ac081225115a9065e9df58e799e6e3', 'width': 640}, {'height': 320, 'url': 'https://i.scdn.co/image/21a9a903e1bd584dd334ca02fb4cc23de888a8e7', 'width': 320}, {'height': 160, 'url': 'https://i.scdn.co/image/24f18b74b8be2bcc94e1aa2935d5d598f9ff2044', 'width': 160}]",Patrick Bruel,56,artist,spotify:artist:0vmrFTWCwK3gFGDzeUzeMg
12,{'spotify': 'https://open.spotify.com/artist/1NCrHXp9R3ogv8ezWWHFNs'},"{'href': None, 'total': 132897}","['chanson', 'french pop', 'french rock']",https://api.spotify.com/v1/artists/1NCrHXp9R3ogv8ezWWHFNs,1NCrHXp9R3ogv8ezWWHFNs,"[{'height': 640, 'url': 'https://i.scdn.co/image/e8c3c8a0aba20fa0570cb717a7be7227cbf64947', 'width': 640}, {'height': 320, 'url': 'https://i.scdn.co/image/084ba89ed0f92c9481f5444c3e0a388aef6de360', 'width': 320}, {'height': 160, 'url': 'https://i.scdn.co/image/9f525a01c07f1badd805166fb793dd6688b599bd', 'width': 160}]",Jean-Louis Aubert,52,artist,spotify:artist:1NCrHXp9R3ogv8ezWWHFNs
13,{'spotify': 'https://open.spotify.com/artist/5nH2klYTzn8CNvUv1GOGQO'},"{'href': None, 'total': 617680}","['francoton', 'pop urbaine']",https://api.spotify.com/v1/artists/5nH2klYTzn8CNvUv1GOGQO,5nH2klYTzn8CNvUv1GOGQO,"[{'height': 640, 'url': 'https://i.scdn.co/image/b884f767547c69aba13d8ff3eff3495ca5633dd4', 'width': 640}, {'height': 320, 'url': 'https://i.scdn.co/image/23a27f729b3436d0d65e030cb8f6f3ce4f8190e0', 'width': 320}, {'height': 160, 'url': 'https://i.scdn.co/image/a2f274cdc013731535ec11b1988a2b3930481c11', 'width': 160}]",Eva,63,artist,spotify:artist:5nH2klYTzn8CNvUv1GOGQO
14,{'spotify': 'https://open.spotify.com/artist/6ogXCiVOaz2afPmMNHph7Z'},"{'href': None, 'total': 144767}","['chanson', 'french pop']",https://api.spotify.com/v1/artists/6ogXCiVOaz2afPmMNHph7Z,6ogXCiVOaz2afPmMNHph7Z,"[{'height': 640, 'url': 'https://i.scdn.co/image/ac1826c9177f879725292160849f2f656ad46d56', 'width': 640}, {'height': 320, 'url': 'https://i.scdn.co/image/ba5f19d9e755397fd3e6d2c6e386a16a9ee72655', 'width': 320}, {'height': 160, 'url': 'https://i.scdn.co/image/39c34d94c684b81a6c7b3f683890a36a5cbdf001', 'width': 160}]",Laurent Voulzy,54,artist,spotify:artist:6ogXCiVOaz2afPmMNHph7Z
15,{'spotify': 'https://open.spotify.com/artist/4ZgQDCtRqZlhLswVS6MHN4'},"{'href': None, 'total': 689046}","['modern alternative rock', 'modern rock', 'rock']",https://api.spotify.com/v1/artists/4ZgQDCtRqZlhLswVS6MHN4,4ZgQDCtRqZlhLswVS6MHN4,"[{'height': 640, 'url': 'https://i.scdn.co/image/daa5800a412067cd1c02bc4d63de69665f82f2f6', 'width': 640}, {'height': 320, 'url': 'https://i.scdn.co/image/544ce8f694c2462235119f68d4bcead414650ba9', 'width': 320}, {'height': 160, 'url': 'https://i.scdn.co/image/c98c47bf6ba8068f8b0d0943ef19a6bae8418dbb', 'width': 160}]",grandson,77,artist,spotify:artist:4ZgQDCtRqZlhLswVS6MHN4
16,{'spotify': 'https://open.spotify.com/artist/5LVp2pGNzmOQqXzziBBR5x'},"{'href': None, 'total': 176014}","['chanson', 'french indie pop', 'french pop', 'french rock', 'nouvelle chanson francaise']",https://api.spotify.com/v1/artists/5LVp2pGNzmOQqXzziBBR5x,5LVp2pGNzmOQqXzziBBR5x,"[{'height': 640, 'url': 'https://i.scdn.co/image/9613c8b32f56fd17f1b0de4876c74658f94c4254', 'width': 640}, {'height': 320, 'url': 'https://i.scdn.co/image/e1faf391f4b13e6dc515066ebff6b7be6c9dbec7', 'width': 320}, {'height': 160, 'url': 'https://i.scdn.co/image/3a14f335023f6276bea17665eb070e6fcc0c8408', 'width': 160}]",Alain Souchon,57,artist,spotify:artist:5LVp2pGNzmOQqXzziBBR5x
17,{'spotify': 'https://open.spotify.com/artist/7Ln80lUS6He07XvHI8qqHH'},"{'href': None, 'total': 10198879}","['garage rock', 'modern rock', 'permanent wave', 'rock', 'sheffield indie']",https://api.spotify.com/v1/artists/7Ln80lUS6He07XvHI8qqHH,7Ln80lUS6He07XvHI8qqHH,"[{'height': 640, 'url': 'https://i.scdn.co/image/ed0552e9746ed2bbf04ae4bcb5525700ca31522d', 'width': 640}, {'height': 320, 'url': 'https://i.scdn.co/image/b435e99aa7f1e27db56b6a4dc9df85e5636b22d6', 'width': 320}, {'height': 160, 'url': 'https://i.scdn.co/image/73c4e49abed008fe0c5e4f1437b8b486c7670ecd', 'width': 160}]",Arctic Monkeys,86,artist,spotify:artist:7Ln80lUS6He07XvHI8qqHH
18,{'spotify': 'https://open.spotify.com/artist/0e04xgVBPU6mE2QkSHlufD'},"{'href': None, 'total': 270534}","['chanson', 'french pop', 'french synthpop']",https://api.spotify.com/v1/artists/0e04xgVBPU6mE2QkSHlufD,0e04xgVBPU6mE2QkSHlufD,"[{'height': 640, 'url': 'https://i.scdn.co/image/b570b196c84ebdc8dc0e05f80a831309a4c92b82', 'width': 640}, {'height': 320, 'url': 'https://i.scdn.co/image/47aba3a7b7a18b97669b0e186f6f120e3bb06185', 'width': 320}, {'height': 160, 'url': 'https://i.scdn.co/image/76940d741d90df2b74f3dd193379756976be9da2', 'width': 160}]",Mylène Farmer,60,artist,spotify:artist:0e04xgVBPU6mE2QkSHlufD
19,{'spotify': 'https://open.spotify.com/artist/7z81ZKKEcOOwPs7V3JhCGY'},"{'href': None, 'total': 5057}",[],https://api.spotify.com/v1/artists/7z81ZKKEcOOwPs7V3JhCGY,7z81ZKKEcOOwPs7V3JhCGY,"[{'height': 640, 'url': 'https://i.scdn.co/image/184fd6fb8606e894c532997246f4ead2c8391f03', 'width': 640}, {'height': 320, 'url': 'https://i.scdn.co/image/341934776449eb9107e11a9db7cc543f70da473b', 'width': 320}, {'height': 160, 'url': 'https://i.scdn.co/image/fff31eea0f61a60fd1b98ee83247a983975cc8ca', 'width': 160}]",Maxime Manot',22,artist,spotify:artist:7z81ZKKEcOOwPs7V3JhCGY
20,{'spotify': 'https://open.spotify.com/artist/1nw8iwDkSSHqn8S343ODcp'},"{'href': None, 'total': 30645}",['french indietronica'],https://api.spotify.com/v1/artists/1nw8iwDkSSHqn8S343ODcp,1nw8iwDkSSHqn8S343ODcp,"[{'height': 640, 'url': 'https://i.scdn.co/image/f4c39c6c56edcd952a83f566a9cbba6255a8fdda', 'width': 640}, {'height': 320, 'url': 'https://i.scdn.co/image/be4969d36430708ac4a09eba6ed9cc79d5c7e448', 'width': 320}, {'height': 160, 'url': 'https://i.scdn.co/image/482d788a0977ac662fb4d4842e957987493961ab', 'width': 160}]",Chassol,43,artist,spotify:artist:1nw8iwDkSSHqn8S343ODcp
21,{'spotify': 'https://open.spotify.com/artist/05TeWWFqSVEUurt1lVhh4q'},"{'href': None, 'total': 60197}",['french indie pop'],https://api.spotify.com/v1/artists/05TeWWFqSVEUurt1lVhh4q,05TeWWFqSVEUurt1lVhh4q,"[{'height': 640, 'url': 'https://i.scdn.co/image/5737e59073f89557a5a3f744b903763bad24a9a4', 'width': 640}, {'height': 320, 'url': 'https://i.scdn.co/image/7a1e8d294caa8713f4db54c3403ffd01211ffa90', 'width': 320}, {'height': 160, 'url': 'https://i.scdn.co/image/9ef20d41fe3fcc5713e0bcb34c30fa7cf29e5e11', 'width': 160}]",Lou Doillon,48,artist,spotify:artist:05TeWWFqSVEUurt1lVhh4q
22,{'spotify': 'https://open.spotify.com/artist/3OOojNFDlThXjpGkztq9gT'},"{'href': None, 'total': 4844}",[],https://api.spotify.com/v1/artists/3OOojNFDlThXjpGkztq9gT,3OOojNFDlThXjpGkztq9gT,"[{'height': 640, 'url': 'https://i.scdn.co/image/56d5875385cb637230460d4521b6e2bfc9b63d5a', 'width': 640}, {'height': 320, 'url': 'https://i.scdn.co/image/a355ce11843a65ed251c1cf7c3ba3b1b827ac2c9', 'width': 320}, {'height': 160, 'url': 'https://i.scdn.co/image/25c3b1693d81af4d1da9a3c51729cca25b237d20', 'width': 160}]",Toma,43,artist,spotify:artist:3OOojNFDlThXjpGkztq9gT
23,{'spotify': 'https://open.spotify.com/artist/4q3ewBCX7sLwd24euuV69X'},"{'href': None, 'total': 27376227}","['latin', 'reggaeton', 'trap latino']",https://api.spotify.com/v1/artists/4q3ewBCX7sLwd24euuV69X,4q3ewBCX7sLwd24euuV69X,"[{'height': 640, 'url': 'https://i.scdn.co/image/1c66d291db8ab21ac32d045ef28199fb195b97cf', 'width': 640}, {'height': 320, 'url': 'https://i.scdn.co/image/e515d8a5f2a1ec78be486fc51767589ba9790844', 'width': 320}, {'height': 160, 'url': 'https://i.scdn.co/image/e64b26e7d388070788f47254c5a439b41b5a76f4', 'width': 160}]",Bad Bunny,100,artist,spotify:artist:4q3ewBCX7sLwd24euuV69X
24,{'spotify': 'https://open.spotify.com/artist/40Yq4vzPs9VNUrIBG5Jr2i'},"{'href': None, 'total': 3040414}","['alternative metal', 'alternative rock', 'grunge', 'permanent wave', 'pop rock', 'rock']",https://api.spotify.com/v1/artists/40Yq4vzPs9VNUrIBG5Jr2i,40Yq4vzPs9VNUrIBG5Jr2i,"[{'height': 640, 'url': 'https://i.scdn.co/image/72242b9f5382502e8ea13855b49bb74d6993b34b', 'width': 640}, {'height': 320, 'url': 'https://i.scdn.co/image/c43cf3ff80affd84983f4feec09e7ea4380d6ec2', 'width': 320}, {'height': 160, 'url': 'https://i.scdn.co/image/9ef45c353bfe5e7dae8048e532b8ac64a4016fee', 'width': 160}]",The Smashing Pumpkins,74,artist,spotify:artist:40Yq4vzPs9VNUrIBG5Jr2i
25,{'spotify': 'https://open.spotify.com/artist/5EGOerlVYxwqxaTLEWumBR'},"{'href': None, 'total': 110402}","['french indie pop', 'french indietronica', 'french synthpop', 'new french touch', 'tropical house']",https://api.spotify.com/v1/artists/5EGOerlVYxwqxaTLEWumBR,5EGOerlVYxwqxaTLEWumBR,"[{'height': 640, 'url': 'https://i.scdn.co/image/9a73e063cae9cd624e01312966d563c02553b646', 'width': 640}, {'height': 320, 'url': 'https://i.scdn.co/image/466ef3c70f475228efa0fa47ddd373e79d2a9416', 'width': 320}, {'height': 160, 'url': 'https://i.scdn.co/image/0bae86ba95ee7a2176d6aa854cfd0ab66184e751', 'width': 160}]",Synapson,56,artist,spotify:artist:5EGOerlVYxwqxaTLEWumBR
26,{'spotify': 'https://open.spotify.com/artist/7rTPCNINGzMp3Hc8Xqht5Z'},"{'href': None, 'total': 408566}","['french hip hop', 'pop urbaine', 'rap francais']",https://api.spotify.com/v1/artists/7rTPCNINGzMp3Hc8Xqht5Z,7rTPCNINGzMp3Hc8Xqht5Z,"[{'height': 640, 'url': 'https://i.scdn.co/image/b3c0735edf2349c3724103a753219bec62ff2f1b', 'width': 640}, {'height': 320, 'url': 'https://i.scdn.co/image/a21e68ed60871e6277b3d6b6fe2bcbd76abf7322', 'width': 320}, {'height': 160, 'url': 'https://i.scdn.co/image/97e33af158691d11eafc59d50c38237edb8534ac', 'width': 160}]",13 Block,69,artist,spotify:artist:7rTPCNINGzMp3Hc8Xqht5Z
27,{'spotify': 'https://open.spotify.com/artist/7uzSMdiiJszDASJE9t8xph'},"{'href': None, 'total': 45362}","['chanson', 'french pop']",https://api.spotify.com/v1/artists/7uzSMdiiJszDASJE9t8xph,7uzSMdiiJszDASJE9t8xph,"[{'height': 640, 'url': 'https://i.scdn.co/image/fa5defc10284abedae4324aad7b557b2b9a6e898', 'width': 640}, {'height': 320, 'url': 'https://i.scdn.co/image/d930cd088f573fb1df7a8c52f5a077e3d6e7ff51', 'width': 320}, {'height': 160, 'url': 'https://i.scdn.co/image/6d7acadb865c3f1b42a38b7801ce5324e4c11c35', 'width': 160}]",David Hallyday,42,artist,spotify:artist:7uzSMdiiJszDASJE9t8xph
28,{'spotify': 'https://open.spotify.com/artist/0LyfQWJT6nXafLPZqxe9Of'},"{'href': None, 'total': 1053358}",[],https://api.spotify.com/v1/artists/0LyfQWJT6nXafLPZqxe9Of,0LyfQWJT6nXafLPZqxe9Of,"[{'height': 640, 'url': 'https://i.scdn.co/image/8987540724d78afbf9f9249638eefcef38c0853b', 'width': 640}, {'height': 320, 'url': 'https://i.scdn.co/image/3439f512b1422283239d93985959dc6115eae9c2', 'width': 320}, {'height': 160, 'url': 'https://i.scdn.co/image/51820ee3bf05021dc690ee7bf804b6d73eedb4a1', 'width': 160}]",Various Artists,0,artist,spotify:artist:0LyfQWJT6nXafLPZqxe9Of
29,{'spotify': 'https://open.spotify.com/artist/1QPdp5duV6lV4XINCzjwQ2'},"{'href': None, 'total': 202513}","['french hip hop', 'pop urbaine', 'rap francais']",https://api.spotify.com/v1/artists/1QPdp5duV6lV4XINCzjwQ2,1QPdp5duV6lV4XINCzjwQ2,"[{'height': 640, 'url': 'https://i.scdn.co/image/1c23d6d8a1748dfc5dffe40cf94a732434dd40d4', 'width': 640}, {'height': 320, 'url': 'https://i.scdn.co/image/b7a5509f5558bf5590fd3e09f2ba97aff14b33ab', 'width': 320}, {'height': 160, 'url': 'https://i.scdn.co/image/d3414a88732083ee479fef45d0be64987c061999', 'width': 160}]",Dinos,74,artist,spotify:artist:1QPdp5duV6lV4XINCzjwQ2
30,{'spotify': 'https://open.spotify.com/artist/7MrDzS5aCy6jjBVqRidPCY'},"{'href': None, 'total': 4141}",['new french touch'],https://api.spotify.com/v1/artists/7MrDzS5aCy6jjBVqRidPCY,7MrDzS5aCy6jjBVqRidPCY,"[{'height': 640, 'url': 'https://i.scdn.co/image/8eb8349e3894dde0c22194ddd76974a8d933bb87', 'width': 640}, {'height': 320, 'url': 'https://i.scdn.co/image/f34f476f1240665cda9521e57a4b9b6523ab96a2', 'width': 320}, {'height': 160, 'url': 'https://i.scdn.co/image/28bb80b8ab5fd72b6d88242beaec49075e56932b', 'width': 160}]",La Belle Vie,39,artist,spotify:artist:7MrDzS5aCy6jjBVqRidPCY
31,{'spotify': 'https://open.spotify.com/artist/30DhU7BDmF4PH0JVhu8ZRg'},"{'href': None, 'total': 997866}","['alternative r&b', 'pop']",https://api.spotify.com/v1/artists/30DhU7BDmF4PH0JVhu8ZRg,30DhU7BDmF4PH0JVhu8ZRg,"[{'height': 640, 'url': 'https://i.scdn.co/image/5b0e4f64d1b3dff74e9ba60adcd9cc667992b1f2', 'width': 640}, {'height': 320, 'url': 'https://i.scdn.co/image/0815a5b40db2e16fd0c8fa6f249a524c97afe897', 'width': 320}, {'height': 160, 'url': 'https://i.scdn.co/image/b35c19a9a9eecffc59259ab4bff76a92a6c99d1a', 'width': 160}]",Sabrina Claudio,71,artist,spotify:artist:30DhU7BDmF4PH0JVhu8ZRg
32,{'spotify': 'https://open.spotify.com/artist/6icQOAFXDZKsumw3YXyusw'},"{'href': None, 'total': 6728134}","['atl hip hop', 'hip hop', 'melodic rap', 'rap', 'southern hip hop', 'trap', 'underground hip hop']",https://api.spotify.com/v1/artists/6icQOAFXDZKsumw3YXyusw,6icQOAFXDZKsumw3YXyusw,"[{'height': 640, 'url': 'https://i.scdn.co/image/e5271c94202acebab521f1977757eae5cafc2a9b', 'width': 640}, {'height': 320, 'url': 'https://i.scdn.co/image/c23807bb829db2cb959d544139c28df39ec99d37', 'width': 320}, {'height': 160, 'url': 'https://i.scdn.co/image/95dc5c7d46607fcfb6cad21311b5240d73034f11', 'width': 160}]",Lil Yachty,82,artist,spotify:artist:6icQOAFXDZKsumw3YXyusw
33,{'spotify': 'https://open.spotify.com/artist/06HL4z0CvFAxyc27GXpf02'},"{'href': None, 'total': 34186111}","['dance pop', 'pop', 'pop dance', 'post-teen pop']",https://api.spotify.com/v1/artists/06HL4z0CvFAxyc27GXpf02,06HL4z0CvFAxyc27GXpf02,"[{'height': 640, 'url': 'https://i.scdn.co/image/a37efbc7fd3f5f5df81b48ce9c6de53820b239c1', 'width': 640}, {'height': 320, 'url': 'https://i.scdn.co/image/dc6f0ac18ad5db302e3c8a28b655b6ca7244ef08', 'width': 320}, {'height': 160, 'url': 'https://i.scdn.co/image/b1627ca86690d2c5b6cc2fb1039a31014e96a22b', 'width': 160}]",Taylor Swift,93,artist,spotify:artist:06HL4z0CvFAxyc27GXpf02
34,{'spotify': 'https://open.spotify.com/artist/5YGY8feqx7naU7z4HrwZM6'},"{'href': None, 'total': 13387540}","['dance pop', 'pop', 'pop dance', 'post-teen pop']",https://api.spotify.com/v1/artists/5YGY8feqx7naU7z4HrwZM6,5YGY8feqx7naU7z4HrwZM6,"[{'height': 640, 'url': 'https://i.scdn.co/image/f040656afb8bc16cd44781dd39ea3d02184f5c0f', 'width': 640}, {'height': 320, 'url': 'https://i.scdn.co/image/8d15c82eaf82ee38af11c2d755293ba6fb2ea036', 'width': 320}, {'height': 160, 'url': 'https://i.scdn.co/image/8a303968e21579c92c2c1e9c811e0578c401423e', 'width': 160}]",Miley Cyrus,90,artist,spotify:artist:5YGY8feqx7naU7z4HrwZM6
35,{'spotify': 'https://open.spotify.com/artist/5UK3wj86cVRSZHrteL8Lbt'},"{'href': None, 'total': 3881}",['french metal'],https://api.spotify.com/v1/artists/5UK3wj86cVRSZHrteL8Lbt,5UK3wj86cVRSZHrteL8Lbt,"[{'height': 640, 'url': 'https://i.scdn.co/image/c62ed3fc87932e7c1ceeb3e5d1fbe52c6d3233ec', 'width': 640}, {'height': 320, 'url': 'https://i.scdn.co/image/8aae080f09f6c55b448db4343290ed0156d42da4', 'width': 320}, {'height': 160, 'url': 'https://i.scdn.co/image/f2029218b7e5ec5302128577374d12d27f572290', 'width': 160}]",Loudblast,27,artist,spotify:artist:5UK3wj86cVRSZHrteL8Lbt
36,{'spotify': 'https://open.spotify.com/artist/1MrEurzLcL8ugfP1PrUPWG'},"{'href': None, 'total': 56912}",[],https://api.spotify.com/v1/artists/1MrEurzLcL8ugfP1PrUPWG,1MrEurzLcL8ugfP1PrUPWG,"[{'height': 1000, 'url': 'https://i.scdn.co/image/ab6772690000c46ca1107ac09284ddba2ae34bba', 'width': 1000}, {'height': 640, 'url': 'https://i.scdn.co/image/ab6772690000dd22a1107ac09284ddba2ae34bba', 'width': 640}, {'height': 200, 'url': 'https://i.scdn.co/image/ab6772690000bac3a1107ac09284ddba2ae34bba', 'width': 200}, {'height': 64, 'url': 'https://i.scdn.co/image/ab67726900008f74a1107ac09284ddba2ae34bba', 'width': 64}]",Billie Joe Armstrong,58,artist,spotify:artist:1MrEurzLcL8ugfP1PrUPWG
37,{'spotify': 'https://open.spotify.com/artist/7oPftvlwr6VrsViSDV7fJY'},"{'href': None, 'total': 11418054}","['permanent wave', 'pop punk', 'punk']",https://api.spotify.com/v1/artists/7oPftvlwr6VrsViSDV7fJY,7oPftvlwr6VrsViSDV7fJY,"[{'height': 640, 'url': 'https://i.scdn.co/image/e0a127469d23c3959e80e82941bcaba0146472ae', 'width': 640}, {'height': 320, 'url': 'https://i.scdn.co/image/582266e61a4af24cc581e862b44ca68ca8483154', 'width': 320}, {'height': 160, 'url': 'https://i.scdn.co/image/0ecaed0f40a1677f10211c5a4eab426760bdb3cf', 'width': 160}]",Green Day,82,artist,spotify:artist:7oPftvlwr6VrsViSDV7fJY
38,{'spotify': 'https://open.spotify.com/artist/4r63FhuTkUYltbVAg5TQnk'},"{'href': None, 'total': 5084499}","['north carolina hip hop', 'rap']",https://api.spotify.com/v1/artists/4r63FhuTkUYltbVAg5TQnk,4r63FhuTkUYltbVAg5TQnk,"[{'height': 640, 'url': 'https://i.scdn.co/image/f68192e6516d89a77a2b16904725a77b75b42056', 'width': 640}, {'height': 320, 'url': 'https://i.scdn.co/image/f88e08cf9132c7facc2ee9fbdd1be3924b5c5a74', 'width': 320}, {'height': 160, 'url': 'https://i.scdn.co/image/1b6dd2116962f6d9741d0181708e31006b5048a7', 'width': 160}]",DaBaby,93,artist,spotify:artist:4r63FhuTkUYltbVAg5TQnk
39,{'spotify': 'https://open.spotify.com/artist/1pPmIToKXyGdsCF6LmqLmI'},"{'href': None, 'total': 2405506}","['atl hip hop', 'hip hop', 'melodic rap', 'pop rap', 'rap', 'southern hip hop', 'trap', 'vapor trap']",https://api.spotify.com/v1/artists/1pPmIToKXyGdsCF6LmqLmI,1pPmIToKXyGdsCF6LmqLmI,"[{'height': 640, 'url': 'https://i.scdn.co/image/d985318181090736aa5b9fc7e0b3a39a4ccfb080', 'width': 640}, {'height': 320, 'url': 'https://i.scdn.co/image/bd4a02bc1ee7f8a52432f8eca780b217a3a85a88', 'width': 320}, {'height': 160, 'url': 'https://i.scdn.co/image/8dd08ba0a3fdf84ecf7146bdee73a5166a83a429', 'width': 160}]",Rich The Kid,78,artist,spotify:artist:1pPmIToKXyGdsCF6LmqLmI
40,{'spotify': 'https://open.spotify.com/artist/7wlFDEWiM5OoIAt8RSli8b'},"{'href': None, 'total': 5916722}","['baton rouge rap', 'trap']",https://api.spotify.com/v1/artists/7wlFDEWiM5OoIAt8RSli8b,7wlFDEWiM5OoIAt8RSli8b,"[{'height': 640, 'url': 'https://i.scdn.co/image/b51a73a2709d6caa0937ccf9b3e2f8736ae70eda', 'width': 640}, {'height': 320, 'url': 'https://i.scdn.co/image/e53e0d4ebd8cb859e8f0373a27183b6751f8d3a1', 'width': 320}, {'height': 160, 'url': 'https://i.scdn.co/image/d708ebb98e755042a81c1621e2d98c21a0a0be02', 'width': 160}]",YoungBoy Never Broke Again,87,artist,spotify:artist:7wlFDEWiM5OoIAt8RSli8b
41,{'spotify': 'https://open.spotify.com/artist/0H39MdGGX6dbnnQPt6NQkZ'},"{'href': None, 'total': 590415}","['melodic rap', 'pop rap', 'rap']",https://api.spotify.com/v1/artists/0H39MdGGX6dbnnQPt6NQkZ,0H39MdGGX6dbnnQPt6NQkZ,"[{'height': 640, 'url': 'https://i.scdn.co/image/1a820d8cdf598b740087c5fd5a57cd19d4782535', 'width': 640}, {'height': 320, 'url': 'https://i.scdn.co/image/f72511328dd67d40a64b2c90ccc790fb41fefec2', 'width': 320}, {'height': 160, 'url': 'https://i.scdn.co/image/66c4caddd5ac2a5e372b3b9686a2e95edf05444a', 'width': 160}]",SAINt JHN,82,artist,spotify:artist:0H39MdGGX6dbnnQPt6NQkZ
42,{'spotify': 'https://open.spotify.com/artist/181bsRPaVXVlUKXrxwZfHK'},"{'href': None, 'total': 2670010}","['houston rap', 'pop', 'pop rap', 'trap queen']",https://api.spotify.com/v1/artists/181bsRPaVXVlUKXrxwZfHK,181bsRPaVXVlUKXrxwZfHK,"[{'height': 640, 'url': 'https://i.scdn.co/image/7bca4cddd5903957a727ae5b49936cd57d801d05', 'width': 640}, {'height': 320, 'url': 'https://i.scdn.co/image/269960de592b3ccfd48e0b5c0e1cfa7159d10fdf', 'width': 320}, {'height': 160, 'url': 'https://i.scdn.co/image/6a68a8b1db96036f9c2e12f62263ef457feec425', 'width': 160}]",Megan Thee Stallion,88,artist,spotify:artist:181bsRPaVXVlUKXrxwZfHK
43,{'spotify': 'https://open.spotify.com/artist/6vXTefBL93Dj5IqAWq6OTv'},"{'href': None, 'total': 3744746}","['hip hop', 'pop rap', 'rap', 'southern hip hop', 'trap']",https://api.spotify.com/v1/artists/6vXTefBL93Dj5IqAWq6OTv,6vXTefBL93Dj5IqAWq6OTv,"[{'height': 640, 'url': 'https://i.scdn.co/image/14443f9c4ab806e91aee7feaad4f90b91f29f7b6', 'width': 640}, {'height': 320, 'url': 'https://i.scdn.co/image/7c0eb7ffa898d97fcc91add81a57b9dfba86c409', 'width': 320}, {'height': 160, 'url': 'https://i.scdn.co/image/73ec2651d0d89d51b7acad46c008e6287d8558fd', 'width': 160}]",French Montana,80,artist,spotify:artist:6vXTefBL93Dj5IqAWq6OTv
44,{'spotify': 'https://open.spotify.com/artist/3Nrfpe0tUJi4K4DXYWgMUX'},"{'href': None, 'total': 25972704}","['k-pop', 'k-pop boy group']",https://api.spotify.com/v1/artists/3Nrfpe0tUJi4K4DXYWgMUX,3Nrfpe0tUJi4K4DXYWgMUX,"[{'height': 640, 'url': 'https://i.scdn.co/image/8ef1003d0cab2411ebc066ae9e50c01dceaf4e6c', 'width': 640}, {'height': 320, 'url': 'https://i.scdn.co/image/b6050d78c0fecee8e1f2614d326f7e24d835cb8e', 'width': 320}, {'height': 160, 'url': 'https://i.scdn.co/image/155cffd734dfe8841887c60307ace6eb66a5bf7b', 'width': 160}]",BTS,97,artist,spotify:artist:3Nrfpe0tUJi4K4DXYWgMUX
45,{'spotify': 'https://open.spotify.com/artist/6bmlMHgSheBauioMgKv2tn'},"{'href': None, 'total': 691852}",['sad rap'],https://api.spotify.com/v1/artists/6bmlMHgSheBauioMgKv2tn,6bmlMHgSheBauioMgKv2tn,"[{'height': 640, 'url': 'https://i.scdn.co/image/6762c64591df0690ea1c37a7ec4a0a042ac6c475', 'width': 640}, {'height': 320, 'url': 'https://i.scdn.co/image/b2afd653403bdde659fbc3c80d268a2403750304', 'width': 320}, {'height': 160, 'url': 'https://i.scdn.co/image/3cbf1b74f540cd054a96f7dc27d7e8e3d87c411d', 'width': 160}]",Powfu,80,artist,spotify:artist:6bmlMHgSheBauioMgKv2tn
46,{'spotify': 'https://open.spotify.com/artist/23TFHmajVfBtlRx5MXqgoz'},"{'href': None, 'total': 4125782}","['italian hip hop', 'italian pop', 'trap italiana']",https://api.spotify.com/v1/artists/23TFHmajVfBtlRx5MXqgoz,23TFHmajVfBtlRx5MXqgoz,"[{'height': 640, 'url': 'https://i.scdn.co/image/06ccd7f1870c7b2c0a93b5d7d34587180945588b', 'width': 640}, {'height': 320, 'url': 'https://i.scdn.co/image/12249ffc62893e8b0fcaca582e48ed8091c5a20a', 'width': 320}, {'height': 160, 'url': 'https://i.scdn.co/image/14224b895bed6b1f6df9a510cd2e4b2e5cd40d4e', 'width': 160}]",Sfera Ebbasta,84,artist,spotify:artist:23TFHmajVfBtlRx5MXqgoz
47,{'spotify': 'https://open.spotify.com/artist/5KKpBU5eC2tJDzf0wmlRp2'},"{'href': None, 'total': 328550}","['dance pop', 'pop', 'pop dance', 'post-teen pop', 'tropical house', 'uk contemporary r&b', 'uk pop']",https://api.spotify.com/v1/artists/5KKpBU5eC2tJDzf0wmlRp2,5KKpBU5eC2tJDzf0wmlRp2,"[{'height': 640, 'url': 'https://i.scdn.co/image/118848385fd97fba3428df4aebf0d6b26ae77053', 'width': 640}, {'height': 320, 'url': 'https://i.scdn.co/image/7cb5146a381e273b163905bcdc69d77c49d4c7c9', 'width': 320}, {'height': 160, 'url': 'https://i.scdn.co/image/7f97cf6d746b8f201708b7f1201e79a152c94a57', 'width': 160}]",RAYE,76,artist,spotify:artist:5KKpBU5eC2tJDzf0wmlRp2
48,{'spotify': 'https://open.spotify.com/artist/6XYvaoDGE0VmRt83Jss9Sn'},"{'href': None, 'total': 577276}","['australian indie', 'australian psych', 'double drumming', 'neo-psychedelic']",https://api.spotify.com/v1/artists/6XYvaoDGE0VmRt83Jss9Sn,6XYvaoDGE0VmRt83Jss9Sn,"[{'height': 640, 'url': 'https://i.scdn.co/image/4ef78eaae0e25d64d241471c385960980fca189e', 'width': 640}, {'height': 320, 'url': 'https://i.scdn.co/image/6785dd210fc89f6ea3a171cb543aa6681b982169', 'width': 320}, {'height': 160, 'url': 'https://i.scdn.co/image/a5291d52ce3bc1cd989c3431f315ec778a93a99d', 'width': 160}]",King Gizzard & The Lizard Wizard,68,artist,spotify:artist:6XYvaoDGE0VmRt83Jss9Sn
49,{'spotify': 'https://open.spotify.com/artist/6ytOHdKh4xt4YvF7tz8Zcv'},"{'href': None, 'total': 771802}","['francoton', 'french hip hop', 'pop urbaine', 'rap francais']",https://api.spotify.com/v1/artists/6ytOHdKh4xt4YvF7tz8Zcv,6ytOHdKh4xt4YvF7tz8Zcv,"[{'height': 640, 'url': 'https://i.scdn.co/image/182e531271e1672dee57481de954a422d161588e', 'width': 640}, {'height': 320, 'url': 'https://i.scdn.co/image/179ebe2b7967d80fa6a441064b0c610d94c43eeb', 'width': 320}, {'height': 160, 'url': 'https://i.scdn.co/image/bcf942519ed2e3b5128fa4f46a3849037a129f6c', 'width': 160}]",Kalash Criminel,70,artist,spotify:artist:6ytOHdKh4xt4YvF7tz8Zcv
50,{'spotify': 'https://open.spotify.com/artist/1QsdzIKkTT5gDFj8GB1cIX'},"{'href': None, 'total': 52500}","['french indie pop', 'french indietronica', 'french pop']",https://api.spotify.com/v1/artists/1QsdzIKkTT5gDFj8GB1cIX,1QsdzIKkTT5gDFj8GB1cIX,"[{'height': 640, 'url': 'https://i.scdn.co/image/9710e0c66094c7023c053a0c9e24150fdb04edd0', 'width': 640}, {'height': 320, 'url': 'https://i.scdn.co/image/b0ce8ec2e14a76b4bdf22f1776872cc58497a38e', 'width': 320}, {'height': 160, 'url': 'https://i.scdn.co/image/d44a0b55900a6d80bf7db212093b9a086e138c96', 'width': 160}]",Yseult,57,artist,spotify:artist:1QsdzIKkTT5gDFj8GB1cIX
51,{'spotify': 'https://open.spotify.com/artist/54kCbQZaZWHnwwj9VP2hn4'},"{'href': None, 'total': 699462}","['french hip hop', 'pop urbaine', 'rap francais']",https://api.spotify.com/v1/artists/54kCbQZaZWHnwwj9VP2hn4,54kCbQZaZWHnwwj9VP2hn4,"[{'height': 640, 'url': 'https://i.scdn.co/image/aeeee1cb1d1d674f20046fd9a8f8cadcbca8ccbf', 'width': 640}, {'height': 320, 'url': 'https://i.scdn.co/image/6fa081dda9661f1e7f66cbc09830055e1c623fae', 'width': 320}, {'height': 160, 'url': 'https://i.scdn.co/image/f24ff25991197ef4a13dccb12453dcef6d230151', 'width': 160}]",Zola,75,artist,spotify:artist:54kCbQZaZWHnwwj9VP2hn4
